day,real_deaths,real_deaths_d,S_seitd,E_seitd,I_seitd,T_seitd,D_seitd,D_d_seitd,S_seeiitd,E_seeiitd,I_seeiitd,T_seeiitd,D_seeiitd,D_d_seeiitd
2020-02-25,0,0,210147000,201.8865,48.242,0.0844662,0.00183343,0.00183343,210147000,343.014,32.369595,0.0100243185,5.46732e-6,5.46732e-6
2020-02-26,0,0,210147000,360.74850000000004,121.34049999999999,0.35873750000000004,0.014417099999999999,0.012583669999999998,210146000,626.7415,120.6465,0.113589815,2.52073e-4,2.4660568e-4
2020-02-27,0,0,210146000,490.12350000000004,204.8505,0.8673135000000001,0.05104515,0.036628049999999995,210146000,850.259,253.04944999999998,0.45551875,0.0022553800000000004,0.002003307
2020-02-28,0,0,210146000,597.654,290.86400000000003,1.61476,0.126119,0.07507385000000001,210146000,1034.016,407.57749999999993,1.1692280000000002,0.0103628,0.00810742
2020-02-29,0,0,210146000,690.915,376.5485,2.5900600000000003,0.2547585,0.1286395,210145000,1187.0075000000002,567.9525,2.3369765,0.032829899999999995,0.022467099999999997
2020-03-01,0,0,210145000,778.4110000000001,458.88,3.770785,0.4498775,0.195119,210145000,1327.0594999999998,726.9014999999999,3.981146,0.08191419999999999,0.0490843
2020-03-02,0,0,210145000,867.0995,537.5245,5.145845,0.722415,0.27253750000000004,210144000,1473.0214999999998,877.289,6.078624,0.1737475,0.0918333
2020-03-03,0,0,210145000,959.2175,615.7774999999999,6.6707,1.086995,0.3645799999999999,210144000,1627.0875,1020.622,8.60098,0.326305,0.1525575
2020-03-04,0,0,210144000,1054.2649999999999,696.41,8.372235,1.547795,0.4608000000000001,210143000,1808.4625,1164.7359999999999,11.51081,0.5594105,0.23310550000000002
2020-03-05,0,0,210144000,1162.21,780.3499999999999,10.2196,2.121225,0.5734299999999999,210142000,2019.9479999999999,1314.8485,14.826500000000001,0.8952725,0.335862
2020-03-06,0,0,210143000,1291.025,871.0319999999999,12.2455,2.81098,0.6897549999999999,210141000,2284.375,1478.2685000000001,18.4678,1.3545850000000002,0.4593125000000001
2020-03-07,0,0,210143000,1444.355,972.922,14.4337,3.6353299999999997,0.8243499999999999,210140000,2615.39,1665.912,22.511900000000004,1.960435,0.6058499999999998
2020-03-08,0,0,210142000,1624.145,1088.28,16.8569,4.599775,0.9644450000000004,210139000,3023.275,1890.401,26.968339999999998,2.7303699999999997,0.7699349999999998
2020-03-09,0,0,210142000,1838.915,1225.9299999999998,19.4859,5.720330000000001,1.1205550000000004,210138000,3531.6800000000003,2163.499,31.943710000000003,3.691395,0.9610250000000002
2020-03-10,0,0,210141000,2103.415,1388.0900000000001,22.48705,7.006584999999999,1.2862549999999988,210136000,4164.81,2488.9449999999997,37.492349999999995,4.86221,1.1708150000000002
2020-03-11,0,0,210140000,2434.1800000000003,1589.8,25.894849999999998,8.502320000000001,1.4957350000000016,210134000,4960.3150000000005,2895.945,43.8644,6.2881350000000005,1.4259250000000003
2020-03-12,0,0,210138000,2856.875,1836.955,29.80365,10.222999999999999,1.720679999999998,210132000,5945.595,3410.9849999999997,51.21405,7.9721150000000005,1.68398
2020-03-13,0,0,210137000,3385.485,2141.3,34.3923,12.187249999999999,1.9642499999999998,210129000,7150.615,4043.3300000000004,59.715149999999994,9.98213,2.010014999999999
2020-03-14,0,0,210135000,4055.27,2530.63,39.6824,14.4736,2.2863500000000005,210125000,8641.885,4814.125,69.7817,12.34565,2.3635199999999994
2020-03-15,0,0,210133000,4884.145,3002.35,46.033100000000005,17.1276,2.6540000000000017,210121000,10446.54,5769.38,81.9978,15.13035,2.784700000000001
2020-03-16,0,0,210130000,5904.959999999999,3587.7,53.70715,20.21045,3.0828500000000005,210116000,12646.075,6953.395,96.5265,18.384050000000002,3.253700000000002
2020-03-17,1,1,210127000,7152.165,4305.610000000001,62.95115,23.8388,3.6283499999999975,210110000,15255.23,8381.675,114.36375,22.18625,3.802199999999999
2020-03-18,3,2,210123000,8678.619999999999,5206.33,74.17295,28.04045,4.201650000000001,210102000,18384.68,10100.064999999999,135.7252,26.75565,4.569399999999998
2020-03-19,7,4,210118000,10552.75,6292.455,87.96625,33.0756,5.035150000000002,210093000,22024.4,12186.88,161.65485,32.06195,5.306300000000004
2020-03-20,11,4,210112000,12786.95,7607.4349999999995,104.761,39.05885,5.983249999999998,210083000,26194.050000000003,14631.975,192.57545000000002,38.37155,6.309599999999996
2020-03-21,18,7,210105000,15461.95,9187.939999999999,125.07300000000001,46.1671,7.108249999999998,210071000,30929.5,17524.449999999997,229.99515,45.89155,7.520000000000003
2020-03-22,25,7,210097000,18644.25,11117.599999999999,149.93200000000002,54.696650000000005,8.529550000000008,210057000,36151.100000000006,20804.665,274.72235,54.78835,8.896799999999999
2020-03-23,34,9,210087000,22261.25,13390.650000000001,179.6775,64.9516,10.254949999999994,210041000,41792.2,24507.4,328.5559,65.49635,10.708000000000006
2020-03-24,47,13,210075000,26432.5,16043.05,215.79000000000002,77.19675000000001,12.24515000000001,210024000,47745.7,28596.75,391.6565,78.16765,12.671299999999988
2020-03-25,59,12,210061000,31228.45,19091.15,258.5765,91.7946,14.597849999999994,210005000,53545.05,33018.05,464.76399999999995,93.3517,15.18405
2020-03-26,77,18,210046000,36608.600000000006,22558.65,309.24649999999997,109.279,17.484399999999994,209984000,59337.35,37680.5,549.1655000000001,111.2085,17.856800000000007
2020-03-27,93,16,210028000,42300.3,26438.300000000003,368.01,130.1315,20.852499999999992,209962000,64885.9,42498.95,644.2144999999999,132.44400000000002,21.235500000000016
2020-03-28,115,22,210008000,48393.4,30649.9,435.6645,154.94150000000002,24.81000000000003,209938000,70045.35,47289.9,750.597,157.3945,24.950499999999977
2020-03-29,139,24,209987000,54531.850000000006,35221.95,512.7035,184.154,29.212499999999977,209914000,74658.34999999999,52039.100000000006,867.997,186.90449999999998,29.50999999999999
2020-03-30,166,27,209964000,60739.6,40016.85,600.6525,218.5125,34.35849999999999,209889000,78802.25,56650.25,995.8475000000001,221.65949999999998,34.754999999999995
2020-03-31,202,36,209939000,66718.3,44917,697.774,258.40999999999997,39.89749999999998,209863000,82556.6,60979.95,1133.44,262.0895,40.43000000000001
2020-04-01,244,42,209912000,72401.1,49832.05,805.8505,304.6755,46.26550000000003,209836000,86090.40000000001,64938.25,1278.605,308.587,46.4975
2020-04-02,305,61,209885000,77480.9,54628.4,921.876,357.794,53.11849999999998,209809000,89368.85,68565.5,1430.6115,361.487,52.900000000000034
2020-04-03,365,60,209857000,82078.29999999999,59239.95,1045.1399999999999,418.722,60.928,209780000,92711.6,71939.25,1586.3619999999999,421.7975,60.31049999999999
2020-04-04,445,80,209829000,86180.29999999999,63686.2,1175.35,487.4905,68.76850000000002,209751000,95945.9,75121.15000000001,1747.4894999999997,489.922,68.12450000000001
2020-04-05,496,51,209800000,90132.25,67765.75,1309.955,564.0855,76.59500000000003,209720000,99884.2,78431.15,1911.6315,566.6155,76.69349999999997
2020-04-06,569,73,209769000,94312.8,71602.05,1449.88,649.7145,85.62900000000002,209687000,104460.4,81674.75,2074.81,651.231,84.6155
2020-04-07,691,122,209738000,98126.7,75299.85,1593.455,743.4575,93.74299999999994,209654000,109163.4,85184.5,2237.256,744.6595,93.42849999999999
2020-04-08,826,135,209705000,102088,78944.1,1740.72,846.754,103.29650000000004,209617000,114719.55,88903.35,2405.3795,848.046,103.38650000000007
2020-04-09,959,133,209671000,106539.5,82535.95000000001,1891.36,958.539,111.78499999999997,209579000,121116.29999999999,93206.70000000001,2574.774,960.2305,112.18449999999996
2020-04-10,1073,114,209635000,111114.5,86458.1,2044.545,1080.045,121.50600000000009,209537000,128693.09999999999,97898.34999999999,2746.935,1081.51,121.27949999999998
2020-04-11,1141,68,209596000,116349,90407.54999999999,2199.875,1211.24,131.19499999999994,209492000,136911.55,103216.25,2924.7749999999996,1212.755,131.24500000000012
2020-04-12,1237,96,209556000,122344,94765.4,2359.68,1351.6599999999999,140.41999999999985,209444000,146389.75,109031.35,3111.3500000000004,1355.105,142.3499999999999
2020-04-13,1350,113,209513000,128951.5,99546.54999999999,2524.2799999999997,1502.16,150.50000000000023,209391000,156364.7,115598.75,3302.535,1507.275,152.17000000000007
2020-04-14,1557,207,209467000,136189,104672,2694.4,1662.1399999999999,159.9799999999998,209337000,166768.15,122773.5,3506.1200000000003,1669.93,162.65499999999997
2020-04-15,1760,203,209418000,144532.5,110365,2869.2250000000004,1834.1750000000002,172.0350000000003,209279000,177689.09999999998,130642.6,3719.3199999999997,1842.1100000000001,172.18000000000006
2020-04-16,1962,202,209365000,154096,116783,3053.58,2017.4,183.2249999999999,209218000,188951.45,139105,3943.625,2026.6100000000001,184.5
2020-04-17,2173,211,209309000,164355,124058.5,3245.755,2211.1949999999997,193.79499999999962,209153000,200890.6,148269.25,4187.62,2222.375,195.76499999999987
2020-04-18,2375,202,209248000,175682.5,131966,3453.385,2417.45,206.2550000000001,209086000,212669.25,158010.90000000002,4447.705,2431.545,209.17000000000007
2020-04-19,2491,116,209182500,188097,140508.5,3670.85,2637.16,219.71000000000004,209014000,224798.5,167741.85,4724.355,2653,221.45499999999993
2020-04-20,2598,107,209114000,200583,149777,3908.005,2870.825,233.66499999999996,208941000,236376.5,177621.8,5019.525,2890.0299999999997,237.02999999999975
2020-04-21,2772,174,209041000,213185.5,159257.5,4160.85,3117.38,246.5550000000003,208862000,247213.5,187687,5329.98,3141.9,251.87000000000035
2020-04-22,2940,168,208965000,225382.5,169119,4432.44,3382.755,265.375,208780000,258448,197704,5657.804999999999,3407.865,265.9649999999997
2020-04-23,3349,409,208887000,237237,179335.5,4721.61,3664.8999999999996,282.1449999999995,208696000,269527,207545.25,6003.07,3690.725,282.8600000000001
2020-04-24,3722,373,208805000,248723,189667,5020.4,3964.825,299.9250000000002,208606500,281096.5,217475.5,6355.63,3990.93,300.2049999999999
2020-04-25,4074,352,208719000,260382.5,199696,5335.51,4283.754999999999,318.9299999999994,208516000,293244,227364.5,6731.695,4310.965,320.0350000000003
2020-04-26,4301,227,208632000,271291.5,209532.5,5663.585,4621.525,337.77000000000044,208420500,305110,237721.5,7114.15,4649.805,338.84000000000015
2020-04-27,4606,305,208538000,283104.5,219601,6001.37,4983.005,361.4800000000005,208321000,318537,248172.5,7508.035000000001,5006.845,357.03999999999996
2020-04-28,5092,486,208443000,294497,229378.5,6351.07,5361.225,378.22000000000025,208220000,330667.5,258842,7918.08,5387.215,380.3699999999999
2020-04-29,5534,442,208343500,307553.5,239725.5,6710.135,5764.860000000001,403.6350000000002,208114000,342955.5,269640,8339.89,5787.785,400.5699999999997
2020-04-30,5980,446,208238000,320921.5,250183.5,7078.805,6192.09,427.22999999999956,208006000,354673,280692.5,8767.039999999999,6209.37,421.58500000000004
2020-05-01,6438,458,208132000,334937.5,261431.5,7458.46,6641.51,449.4200000000001,207896500,365311.5,291428,9211.25,6658.2,448.8299999999999
2020-05-02,6810,372,208021000,348734,272691,7848.135,7111.700000000001,470.1900000000005,207786000,374778,301316,9659.82,7131.305,473.1050000000005
2020-05-03,7073,263,207905000,361727,283743.5,8256.165,7611.07,499.369999999999,207670000,383187.5,310901.5,10111.990000000002,7628.835,497.52999999999975
2020-05-04,7381,308,207788000,374998.5,295315,8676.255000000001,8133.445,522.375,207554000,389987.5,319969,10588.045,8148.875,520.04
2020-05-05,7972,591,207665000,386526,306466.5,9104.85,8680.45,547.005000000001,207441500,395479.5,328201,11061.634999999998,8701.93,553.0550000000003
2020-05-06,8597,625,207542000,396859.5,316807,9545.21,9258.07,577.619999999999,207325500,400404.5,334764.5,11542.130000000001,9277.525,575.5949999999993
2020-05-07,9273,676,207420000,406719.5,326814.5,9993.365,9862.869999999999,604.7999999999993,207208000,403569,341122.5,12006.41,9877.405,599.880000000001
2020-05-08,10027,754,207292000,415691.5,335881.5,10443.45,10492.7,629.8300000000017,207090000,405267.5,345860.5,12470.235,10507.3,629.8949999999986
2020-05-09,10695,668,207166000,423167.5,344472.5,10897.9,11150.9,658.1999999999989,206973000,405419.5,349384,12916.73,11169.45,662.1500000000015
2020-05-10,11172,477,207039000,429151.5,351724,11341.3,11833.8,682.8999999999996,206858000,405023.5,351565,13358.045,11851.8,682.3499999999985
2020-05-11,11659,487,206912000,432685,358925,11780.15,12547.45,713.6500000000015,206744000,402625.5,352668.5,13776.57,12562.5,710.7000000000007
2020-05-12,12503,844,206785500,436507,364688.5,12210.599999999999,13282.2,734.75,206636000,398824,352753,14170.99,13302.9,740.3999999999996
2020-05-13,13281,778,206661000,437752,369135,12632,14043.85,761.6499999999996,206528000,395518,352392.5,14544.64,14071.55,768.6499999999996
2020-05-14,14070,789,206535000,436813.5,372056,13033.650000000001,14835.05,791.1999999999989,206420500,390778.5,350619.5,14889.285,14862.8,791.25
2020-05-15,14983,913,206414000,436170.5,373585.5,13413.65,15650.05,815,206315000,386340.5,348641.5,15209.269999999999,15678.3,815.5
2020-05-16,15702,719,206294000,433103,373919.5,13781.3,16489.5,839.4500000000007,206209000,382298.5,346037,15500.785,16514.25,835.9500000000007
2020-05-17,16201,499,206180000,429044.5,373333,14123.35,17354.5,865,206106000,376703,342627,15755.87,17376.85,862.5999999999985
2020-05-18,16925,724,206062000,423610.5,371910,14454.55,18239.1,884.5999999999985,206001000,371682,339119,15983.810000000001,18258.699999999997,881.8499999999985
2020-05-19,18073,1148,205949500,417925,369750.5,14753.35,19136.3,897.2000000000007,205900500,367266,335216,16169.09,19159.15,900.4500000000044
2020-05-20,19058,985,205839000,412038.5,366153,15024.45,20060,923.7000000000007,205798000,363699,331618,16336.23,20077.15,918
2020-05-21,20109,1051,205730000,407257.5,362234.5,15266.9,20996.15,936.1500000000015,205697000,360671,327919.5,16472.085,21011.05,933.8999999999978
2020-05-22,21148,1039,205621500,400678,358040.5,15473.25,21947,950.8499999999985,205598000,358059.5,325065.5,16588.754999999997,21967.75,956.7000000000007
2020-05-23,22196,1048,205518000,394931,353749.5,15660.8,22907.05,960.0499999999993,205497500,356143.5,321727.5,16683.605,22937.199999999997,969.4499999999971
2020-05-24,22863,667,205412000,389925.5,349746,15827.95,23877,969.9500000000007,205398000,354118.5,318975,16757.675,23907.8,970.6000000000022
2020-05-25,23590,727,205308000,385036.5,345610.5,15971.75,24857.35,980.3499999999985,205298000,352725,316583,16794.32,24892.1,984.2999999999993
2020-05-26,24642,1052,205205000,381327,341275.5,16099.1,25849.2,991.8500000000022,205197000,351719,314883,16823.89,25886.75,994.6500000000015
2020-05-27,25705,1063,205100500,377422,336957.5,16202.5,26848.699999999997,999.4999999999964,205098000,350704,313442,16844.755,26888.35,1001.5999999999985
2020-05-28,26895,1190,205001000,374451.5,332714,16282.4,27849.55,1000.8500000000022,204999500,350818,312014,16856.059999999998,27893.3,1004.9500000000007
2020-05-29,28032,1137,204900000,371432,329683.5,16343.6,28855.300000000003,1005.7500000000036,204898000,351612.5,311240,16849.625,28901.2,1007.9000000000015
2020-05-30,28895,863,204799000,368929.5,326674.5,16400.3,29865.2,1009.8999999999978,204798000,352028.5,310557.5,16844.77,29921.1,1019.8999999999978
2020-05-31,29367,472,204700000,366747.5,324578,16437.25,30882.75,1017.5499999999993,204698000,353148,310828.5,16833.045,30933.5,1012.4000000000015
2020-06-01,30105,738,204597500,365065,322155,16485.75,31902.85,1020.0999999999985,204598500,353970,310910.5,16821.275,31951.800000000003,1018.3000000000029
2020-06-02,31473,1368,204501500,364158.5,320427,16520.699999999997,32917.4,1014.5500000000029,204496000,355414,311555.5,16794.195,32972.4,1020.5999999999985
2020-06-03,32667,1194,204398000,363312.5,319128.5,16549.5,33935.149999999994,1017.7499999999927,204395000,357202.5,312497,16768.23,33995.649999999994,1023.2499999999927
2020-06-04,34152,1485,204294500,362648,317505.5,16562.4,34955.1,1019.9500000000044,204288000,358852.5,313329,16757.195,35010.85,1015.2000000000044
2020-06-05,35253,1101,204196500,362510,316781,16573.4,35976.5,1021.4000000000015,204186000,359889.5,314175,16748.550000000003,36036.9,1026.050000000003
2020-06-06,36054,801,204093000,362959.5,316085.5,16577.1,37000.5,1024,204085000,361227.5,315419,16740.07,37060.8,1023.9000000000015
2020-06-07,36530,476,203992500,364375,315915,16581.800000000003,38015.600000000006,1015.1000000000058,203982000,362434.5,316135.5,16734.870000000003,38083.8,1023
2020-06-08,37393,863,203886500,364716,316011,16580.75,39034.75,1019.1499999999942,203880000,363716,317092.5,16730.15,39104.15,1020.3499999999985
2020-06-09,38586,1193,203783000,365979.5,316229.5,16585.8,40063.05,1028.300000000003,203778000,364890.5,317939.5,16741.34,40125.3,1021.1500000000015
2020-06-10,39824,1238,203674000,367043.5,316969,16582.25,41092.3,1029.25,203673000,365027.5,319319.5,16739.574999999997,41149.25,1023.9499999999971
2020-06-11,41092,1268,203570000,368150,317227,16592.699999999997,42115.100000000006,1022.8000000000029,203569000,365452.5,319963.5,16747.795,42174.1,1024.8499999999985
2020-06-12,41935,843,203466500,369591.5,317463.5,16589.300000000003,43146.45,1031.3499999999913,203466000,365811,320243,16749.285,43195.55,1021.4500000000044
2020-06-13,42792,857,203362000,370129.5,318251,16599.25,44167.95,1021.5,203361000,366462.5,320618.5,16769.36,44218,1022.4499999999971
2020-06-14,43426,634,203261500,370309.5,318469.5,16605.65,45195.3,1027.3500000000058,203258000,366931,321374.5,16782.805,45243.399999999994,1025.3999999999942
2020-06-15,44190,764,203154500,369691,318935.5,16615.85,46210.2,1014.8999999999942,203152000,367753.5,321914.5,16801.879999999997,46270.649999999994,1027.25
2020-06-16,45522,1332,203049000,369942.5,318954,16626.65,47243.2,1033,203049000,368902,322576,16818.434999999998,47289.149999999994,1018.5
2020-06-17,46707,1185,202946500,369487.5,319211,16636.75,48264.25,1021.0500000000029,202941500,369855.5,322905,16840.375,48314.1,1024.9500000000044
2020-06-18,47946,1239,202840000,368996.5,319916.5,16649.75,49290.85,1026.5999999999985,202835000,371355.5,323544,16851.96,49338.55,1024.4500000000044
2020-06-19,49118,1172,202735500,369420.5,320113,16654.75,50322.55,1031.7000000000044,202732000,372202,324367.5,16871.765,50367.1,1028.5499999999956
2020-06-20,50100,982,202633000,370639,319992.5,16662.15,51345.05,1022.5,202626000,373753.5,325222,16891.14,51388.600000000006,1021.5000000000073
2020-06-21,50709,609,202523000,371295.5,321021.5,16649.65,52379.5,1034.449999999997,202512000,375444,326353,16915.73,52419.55,1030.949999999997
2020-06-22,51444,735,202418000,372358,321606,16659.55,53410.45,1030.949999999997,202406000,376092,327330.5,16939.085,53437.100000000006,1017.5500000000029
2020-06-23,52851,1407,202307000,373821.5,322417,16672.6,54445.5,1035.050000000003,202298000,377616.5,328314,16965.235,54467.6,1030.4999999999927
2020-06-24,53955,1104,202202000,376131,323650.5,16679.8,55476.5,1031,202189000,379507.5,329985,17009.94,55500.350000000006,1032.7500000000073
2020-06-25,55135,1180,202095000,377623,324288,16697.35,56512.1,1035.5999999999985,202077500,381072.5,331296,17042.945,56528.45,1028.0999999999913
2020-06-26,56128,993,201979000,379005.5,325942.5,16712.7,57547.45,1035.3499999999985,201971000,382492,333229,17075.760000000002,57551.95,1023.5
2020-06-27,57159,1031,201866500,379942,326945,16745.05,58584.2,1036.75,201862000,383559.5,334595.5,17105.385000000002,58583.1,1031.1500000000015
2020-06-28,57742,583,201757000,381399,327912.5,16766.05,59630.149999999994,1045.949999999997,201754000,384304.5,335776.5,17144.575,59631.7,1048.5999999999985
2020-06-29,58473,731,201647500,384163.5,329735.5,16788.1,60665.4,1035.2500000000073,201647000,384978,336710.5,17190.49,60669.4,1037.7000000000044
2020-06-30,59791,1318,201538500,386214.5,330651.5,16818.25,61703.399999999994,1037.9999999999927,201537500,385857,337495,17238.559999999998,61702.850000000006,1033.4500000000044
2020-07-01,60877,1086,201430000,387929,331810,16864.300000000003,62743.2,1039.800000000003,201428500,386048.5,337925.5,17280.16,62752.7,1049.8499999999913
2020-07-02,62136,1259,201323000,389859.5,333078.5,16914.449999999997,63791.6,1048.4000000000015,201317000,385445.5,338265.5,17327.04,63796.6,1043.9000000000015
2020-07-03,63349,1213,201211500,390926,334421.5,16974.55,64841.45,1049.8499999999985,201208500,384846,338604,17375.989999999998,64837.4,1040.800000000003
2020-07-04,64410,1061,201096000,391731.5,336068,17021.45,65887.7,1046.25,201100500,383631.5,338653,17420.91,65886.8,1049.4000000000015
2020-07-05,64965,555,200982500,391750,337016.5,17065.1,66946.85,1059.1500000000087,200990000,382041.5,337855.5,17457.440000000002,66948.7,1061.8999999999942
2020-07-06,65651,686,200872500,391662.5,337862.5,17108.2,67998.55,1051.699999999997,200881000,380698.5,337031.5,17494.125,68011.15,1062.449999999997
2020-07-07,66952,1301,200761000,392166.5,338046.5,17156.449999999997,69054.25,1055.699999999997,200773500,378386,335744.5,17526.295000000002,69061.85,1050.7000000000116
2020-07-08,68126,1174,200649000,391854.5,338304,17189.4,70116.9,1062.6499999999942,200665000,376117,334684,17557.725,70109.75,1047.8999999999942
2020-07-09,69347,1221,200537500,391196,338257.5,17213.45,71187.65,1070.75,200560500,373762,333305,17582.305,71166.45,1056.699999999997
2020-07-10,70646,1299,200430000,389798.5,337694,17251.3,72243.2,1055.550000000003,200461500,371012.5,331763,17587.86,72229.3,1062.8500000000058
2020-07-11,71578,932,200321000,387801,336800,17270.2,73303.1,1059.9000000000087,200355500,368168.5,329911,17609.17,73300.65,1071.3499999999913
2020-07-12,72195,617,200210500,384786.5,335477,17304.300000000003,74369.25,1066.1499999999942,200250500,365500.5,327980,17604.54,74369.75,1069.1000000000058
2020-07-13,73030,835,200103000,382859.5,334564,17335.300000000003,75429,1059.75,200146500,363080.5,325809.5,17603.71,75428,1058.25
2020-07-14,74324,1294,199996500,379713,332841,17350.949999999997,76501.35,1072.3500000000058,200044500,360762.5,323438,17588.755,76489.45000000001,1061.4500000000116
2020-07-15,75602,1278,199897000,376960.5,331056,17354.800000000003,77564.05,1062.699999999997,199944000,358738,321358,17560.625,77554.5,1065.0499999999884
2020-07-16,76902,1300,199796000,374741.5,329617.5,17366.35,78638.15,1074.0999999999913,199844000,356578.5,319326,17533.775,78628.54999999999,1074.0499999999884
2020-07-17,78026,1124,199691500,372301,327268.5,17360.3,79707.7,1069.550000000003,199743000,355036.5,317581.5,17498.995000000003,79698.4,1069.8500000000058
2020-07-18,78870,844,199589500,369805,325059,17356.6,80771,1063.300000000003,199646000,353619,315642,17447.985,80771.85,1073.4500000000116
2020-07-19,79578,708,199490000,367427,323571.5,17317.5,81836.29999999999,1065.2999999999884,199551000,351882.5,314404,17398.954999999998,81841,1069.1499999999942
2020-07-20,80346,768,199394000,364844.5,321652.5,17308.25,82908.15,1071.8500000000058,199450000,349637.5,312974.5,17334.46,82911.45000000001,1070.4500000000116
2020-07-21,81663,1317,199293000,361398.5,319252,17282.25,83975.55,1067.4000000000087,199353500,348405.5,311623.5,17279.985,83968.2,1056.7499999999854
2020-07-22,82959,1296,199194500,358989,316597.5,17245.050000000003,85042.25,1066.699999999997,199257000,348290.5,310585,17230.485,85016.4,1048.199999999997
2020-07-23,84272,1313,199096500,357428,315103,17208,86114.3,1072.050000000003,199156500,348550.5,309208.5,17175.775,86078.65,1062.25
2020-07-24,85437,1165,199002500,356393.5,313343,17162.15,87180.5,1066.199999999997,199061500,348529.5,308449.5,17113.195,87137.35,1058.7000000000116
2020-07-25,86536,1099,198902500,354826.5,312222.5,17121.2,88233.95,1053.449999999997,198966000,348750,307765.5,17054.315000000002,88189.65,1052.2999999999884
2020-07-26,87117,581,198804000,353121,310206.5,17068.949999999997,89287.85,1053.9000000000087,198866500,348775,307597.5,16990.83,89242.5,1052.8500000000058
2020-07-27,87802,685,198707000,351155,309021.5,17028.1,90344.15,1056.2999999999884,198769000,348751,307317,16944.14,90286.45,1043.949999999997
2020-07-28,89037,1235,198614000,350329,307728.5,16990,91392.35,1048.2000000000116,198665500,348800.5,307056.5,16896.66,91327,1040.550000000003
2020-07-29,90259,1222,198517000,348741.5,306439,16935.85,92436.65,1044.2999999999884,198562000,347970.5,306590,16848.025,92367.1,1040.1000000000058
2020-07-30,91461,1202,198420500,348405,305369,16878.8,93481.8,1045.1500000000087,198467500,346984,307098.5,16796.274999999998,93408.8,1041.699999999997
2020-07-31,92727,1266,198325000,348148,304151,16825.1,94522.95000000001,1041.1500000000087,198369000,345359,306458,16739.145000000004,94442.65,1033.8499999999913
2020-08-01,93668,941,198228000,348301,303480.5,16776.1,95566.05,1043.0999999999913,198276000,343167.5,306158,16697.355,95473.95000000001,1031.3000000000175
2020-08-02,94193,525,198131500,347349,302708.5,16717.199999999997,96597.9,1031.8499999999913,198181500,340315,304489,16661.7,96510.95000000001,1037
2020-08-03,94794,601,198037500,346106,301590.5,16654.4,97631.25,1033.3500000000058,198085500,337237,302870.5,16627.555,97538.45000000001,1027.5
2020-08-04,96152,1358,197938000,344661.5,301473,16590.65,98654.9,1023.6499999999942,197995500,332927,300664.5,16585.684999999998,98553.85,1015.3999999999942
2020-08-05,97519,1367,197845000,342211,300335,16537.4,99678.1,1023.2000000000116,197905500,328571.5,297791.5,16527.09,99583.75,1029.8999999999942
2020-08-06,98744,1225,197754500,338995.5,298419,16481.199999999997,100694.5,1016.3999999999942,197821500,323645.5,294876,16480.379999999997,100610,1026.25
2020-08-07,99830,1086,197663000,335318,296373.5,16428.5,101707,1012.5,197740500,318149,291658,16423.295000000002,101636,1026
2020-08-08,100648,818,197576500,331784.5,294355,16375.599999999999,102712.5,1005.5,197655500,313297.5,287888,16354.779999999999,102650,1014
2020-08-09,101226,578,197493000,327443.5,291594.5,16321.599999999999,103728.5,1016,197572500,306724.5,283682.5,16285.35,103654.5,1004.5
2020-08-10,102009,783,197404000,323257.5,288509,16251.5,104743.5,1015,197492500,300457.5,278971.5,16195.905,104666,1011.5
2020-08-11,103209,1200,197316000,318586,284707.5,16175.2,105745,1001.5,197417000,293330,273713.5,16099.619999999999,105673,1007
2020-08-12,104361,1152,197229000,313915,280868,16094.3,106745,1000,197337500,286521.5,268018.5,15991.225,106670.5,997.5
2020-08-13,105635,1274,197147500,308037,276777.5,16005.05,107743,998,197261500,279885.5,262317,15872.825,107669,998.5
2020-08-14,106642,1007,197065500,302120.5,273063.5,15914.65,108722,979,197186500,273415,256948.5,15741.315,108652.5,983.5
2020-08-15,107364,722,196983000,295913.5,268676.5,15817.25,109704,982,197114500,267822.5,251648,15607.970000000001,109638,985.5
2020-08-16,107951,587,196905500,290423.5,263520.5,15718.45,110682,978,197046000,262683,246176.5,15452.945,110610.5,972.5
2020-08-17,108747,796,196834000,284122,258884,15593.55,111647.5,965.5,196977000,257127,240959.5,15293.515,111576,965.5
2020-08-18,110099,1352,196756500,277343,253775,15461.9,112617,969.5,196910500,252618,235756.5,15115.14,112532.5,956.5
2020-08-19,111263,1164,196686500,270174,248696.5,15328.25,113556,939,196840000,249217.5,230845,14935.775000000001,113484,951.5
2020-08-20,112499,1236,196623500,264603,243097.5,15177.5,114499,943,196774500,245913.5,226257.5,14747.695,114425.5,941.5
2020-08-21,113551,1052,196554500,259085.5,237860.5,15020.099999999999,115426.5,927.5,196704000,242696,222611,14554.43,115359,933.5
2020-08-22,114378,827,196482500,254692,232914.5,14848.95,116348,921.5,196640500,239792,219297,14355.805,116279,920
2020-08-23,114834,456,196412500,250587.5,228784.5,14676.3,117266.5,918.5,196576000,238003.5,216652.5,14163.265,117192.5,913.5
2020-08-24,115551,717,196350500,245677,224023.5,14497.2,118173,906.5,196508000,236408.5,214354,13967.099999999999,118106.5,914
2020-08-25,116760,1209,196288000,241753.5,220100.5,14320.25,119059.5,886.5,196440000,236290.5,212223,13771.03,118992,885.5
2020-08-26,117839,1079,196224500,239367.5,216243,14137.6,119928.5,869,196372000,236465,210589.5,13576.789999999999,119878,886
2020-08-27,118824,985,196156000,236223.5,213073.5,13961.7,120808.5,880,196308500,236808.5,209263,13388.77,120738.5,860.5
2020-08-28,119673,849,196093500,234052,210133.5,13786.55,121661.5,853,196239500,237966,208886,13217.07,121601.5,863
2020-08-29,120570,897,196031000,232702,207744.5,13616.05,122510,848.5,196170500,239608.5,208370,13045.52,122448.5,847
2020-08-30,120971,401,195967000,232206.5,205611.5,13444.599999999999,123346.5,836.5,196104500,241323,208997,12888.939999999999,123287,838.5
2020-08-31,121618,647,195905000,231681,204405.5,13285.150000000001,124162,815.5,196035500,243419.5,210393,12740.795,124112.5,825.5
2020-09-01,122768,1150,195840500,231670,203143,13136.4,124981.5,819.5,195966000,245158.5,211786,12612.345000000001,124920,807.5
2020-09-02,123972,1204,195778000,232159.5,202504.5,12991.45,125790.5,809,195893500,246891.5,212911.5,12495.71,125734,814
2020-09-03,124839,867,195708500,233179,202931,12849.849999999999,126579,788.5,195822000,248222.5,214350,12379.505000000001,126532,798
2020-09-04,125688,849,195640500,234508.5,203050,12714.75,127361.5,782.5,195748500,248733,215697.5,12287.355,127322,790
2020-09-05,126292,604,195576500,235868,203803,12603.1,128145.5,784,195675000,249266,216855,12208.62,128096,774
2020-09-06,126736,444,195508500,237798.5,204562,12489.099999999999,128921.5,776,195608000,248483.5,217664.5,12137.740000000002,128867.5,771.5
2020-09-07,127070,334,195440000,239149.5,205516,12389.45,129689,767.5,195541500,247062.5,217942,12071.07,129629,761.5
2020-09-08,127584,514,195369500,240418,206417,12293.9,130462.5,773.5,195474500,244590,217641,12005.835,130389,760
2020-09-09,128752,1168,195302000,241212,207093,12196.9,131223,760.5,195408500,242087,216698.5,11961.11,131148,759
2020-09-10,129726,974,195232000,240747.5,207211.5,12120.349999999999,131974.5,751.5,195346500,239353.5,215551,11919.375,131886.5,738.5
2020-09-11,130574,848,195165000,240377,207416.5,12040.05,132719,744.5,195282500,235891.5,213974.5,11881.42,132627.5,741
2020-09-12,131341,767,195100000,239356.5,206589,11977.05,133455,736,195215000,232104,211684,11832.88,133355.5,728
2020-09-13,131746,405,195026500,237486,205793.5,11914.55,134198,743,195155000,228002.15,209260,11785,134092,736.5
2020-09-14,132204,458,194966500,234846,205039.5,11849.25,134928,730,195096000,223661.95,206462,11737.65,134821,729
2020-09-15,133286,1082,194909000,232297,203651.5,11784.3,135649.5,721.5,195037000,218539.3,203476,11677.49,135552.5,731.5
2020-09-16,134248,962,194845000,229151,201955,11721.150000000001,136365,715.5,194981000,213748.55,200156.9,11610.295,136278.5,726
2020-09-17,135117,869,194784000,225650,199911,11649.5,137080,715,194928000,209194.15,196239.8,11536.974999999999,136999,720.5
2020-09-18,135945,828,194725500,221898,197676,11570.9,137804,724,194874000,204262.95,192168.55,11455.195,137713.5,714.5
2020-09-19,136626,681,194668000,217589.5,194958.5,11499.65,138516,712,194819500,199161.4,187928.55000000002,11362.8,138429.5,716
2020-09-20,136977,351,194609500,212523.5,191570,11416,139225.5,709.5,194769000,194202,183486.05,11270.060000000001,139142,712.5
2020-09-21,137443,466,194558000,207863,188118.5,11327.349999999999,139936,710.5,194719500,188908.25,179051.5,11165.5,139845,703
2020-09-22,138237,794,194509000,203144.5,184674,11240.900000000001,140636.5,700.5,194672000,183486.05,174460.09999999998,11049.54,140548,703
2020-09-23,139169,932,194455500,198167,181080,11140.95,141336,699.5,194622500,178716.4,170027.05,10926.83,141234.5,686.5
2020-09-24,139964,795,194408500,193198.5,176940,11039.35,142031,695,194575500,173916.1,165612.8,10796.080000000002,141922.5,688
2020-09-25,140786,822,194364000,188099,172903,10933,142709,678,194532500,168933.65,161401.3,10652.970000000001,142610.5,688
2020-09-26,141508,722,194315500,182663.5,168880,10816.55,143376,667,194487000,164808.25,157449.2,10505.24,143294.5,684
2020-09-27,141845,337,194269000,177324,164443.5,10692.7,144042.5,666.5,194443500,160996.25,153354.94999999998,10348.050000000001,143970.5,676
2020-09-28,142238,393,194222000,172193,160044.5,10566.150000000001,144707,664.5,194404000,157013.3,149434.95,10186.69,144625,654.5
2020-09-29,143096,858,194179500,167212,155851.5,10436.95,145353,646,194365000,153359.45,145910.75,10020.99,145271,646
2020-09-30,143964,868,194139500,162542.5,151583,10292.95,145994,641,194322500,149978.95,142487.2,9856.76,145903,632
2020-10-01,144851,887,194097000,157950.5,147431.5,10147.85,146632,638,194286000,146558.45,139058.75,9685.134999999998,146537.5,634.5
2020-10-02,145504,653,194059500,153411.5,143320.5,10002.45,147250.5,618.5,194248000,143749.84999999998,135814.85,9511.810000000001,147167,629.5
2020-10-03,146093,589,194026500,149149,139084,9847.220000000001,147861.5,611,194209000,140992.25,132726.15,9339.755000000001,147772.5,605.5
2020-10-04,146451,358,193989500,145052,135624.5,9691.86,148461.5,600,194170500,138524.65000000002,130039.55,9167.365,148388.5,616
2020-10-05,146844,393,193956500,141916.5,132102,9530.045,149046.5,585,194133000,136322.8,127314.3,8995.135,148988.5,600
2020-10-06,147654,810,193921000,138285.5,128902,9366.490000000002,149633,586.5,194100500,133932.1,124957.6,8828.8,149572,583.5
2020-10-07,148379,725,193885000,135240.5,125611,9195.925,150203,570,194063000,131959.2,122732.2,8660.935000000001,150140.5,568.5
2020-10-08,149114,735,193851000,132613,122487.5,9026.095,150768.5,565.5,194028000,129919,120442.85,8500.015,150708,567.5
2020-10-09,149768,654,193821000,129799,119793,8863.975,151317.5,549,193993000,128141.75,118295.25,8337.49,151263,555
2020-10-10,150302,534,193785500,127286.5,117102,8702.21,151863.5,546,193962500,126053.45000000001,116407.65000000001,8180.775,151808.5,545.5
2020-10-11,150580,278,193752000,125064.5,114793,8542.785,152400.5,537,193926000,124027,114460.04999999999,8026.17,152341,532.5
2020-10-12,150774,194,193721500,123038,112467.5,8390.715,152916,515.5,193890000,122209,112716.20000000001,7876.66,152864.5,523.5
2020-10-13,151152,378,193691000,121125,110349.5,8238.65,153426.5,510.5,193855500,120245.25,110843.45000000001,7727.984999999999,153378,513.5
2020-10-14,151884,732,193660000,119204,108171.5,8087.665,153932,505.5,193823500,118663.40000000001,109098.15,7580.9800000000005,153887.5,509.5
2020-10-15,152698,814,193627000,117354,106210.5,7941.835,154429,497,193789500,117396.79999999999,107495.75,7441.045,154394.5,507
2020-10-16,153341,643,193598000,115710,104613,7799.1849999999995,154911,482,193753500,116325.6,106081.15,7303.275,154880,485.5
2020-10-17,153756,415,193565500,114144.5,102905.5,7666.0599999999995,155387,476,193722500,115834.15,104945.35,7173.92,155352,472
2020-10-18,153991,235,193532500,112833,101521.5,7527.455,155856,469,193691500,115689.45,104135.95,7044.785,155826,474
2020-10-19,154317,326,193500500,112128,100380,7396.955,156317.5,461.5,193658000,116038.59999999999,103251.2,6918.004999999999,156285.5,459.5
2020-10-20,154965,648,193470000,111580,99332.1,7268.98,156764,446.5,193620000,117026.45,102691.95,6799.594999999999,156733,447.5
2020-10-21,155535,570,193439500,111296,98478,7143.5599999999995,157202.5,438.5,193586500,118525.6,102683.15,6690.945,157178,445
2020-10-22,156041,506,193406500,111219.5,97982.15,7026.795,157641.5,439,193549000,120264.1,103101.8,6585.5250000000005,157610.5,432.5
2020-10-23,156604,563,193374000,111563.5,97547.4,6911.63,158077,435.5,193511000,122847,103993.55,6490.445,158041.5,431
2020-10-24,156991,387,193340500,112516.5,97673.95,6805.735000000001,158500,423,193469000,126494.7,105489.8,6409.755,158464,422.5
2020-10-25,157192,201,193306500,113745.5,97958.75,6711.34,158915.5,415.5,193432000,131026.55,107682.8,6336.745,158880.5,416.5
2020-10-26,157526,334,193271000,115568,98620.54999999999,6614.0650000000005,159328.5,413,193391500,136469.45,110417.4,6274.455,159296,415.5
2020-10-27,158052,526,193233500,118009.5,99616.75,6529.41,159738,409.5,193350000,142563.6,113782.4,6226.82,159701.5,405.5
2020-10-28,158556,504,193198000,120863,101248.5,6453.805,160141,403,193302000,149151,117841.5,6190.575000000001,160095.5,394
2020-10-29,159107,551,193159000,125007.5,103211,6385.025,160539.5,398.5,193255000,156388.25,122530.75,6173.045,160490.5,395
2020-10-30,159680,573,193117000,129392.5,105731,6331.45,160929,389.5,193203500,163709.35,127684.6,6174.55,160877.5,387
2020-10-31,159972,292,193070500,134952.5,108712.5,6297.165,161321.5,392.5,193146000,171278.2,133223.7,6192.674999999999,161256,378.5
2020-11-01,160175,203,193022500,141499,112291.5,6267.86,161712,390.5,193090000,178681.5,138892.5,6233.455,161646,390
2020-11-02,160339,164,192974500,148647.5,116692,6251.02,162102.5,390.5,193032000,185214.45,144877.55,6289.775,162028.5,382.5
2020-11-03,160628,289,192924000,156713,121939.5,6252.205,162495.5,393,192972000,190853.9,150810.95,6368.775,162418.5,390
2020-11-04,161246,618,192872500,164854.5,127614.5,6268.445,162885,389.5,192913000,195508.05,156519.6,6468.424999999999,162802,383.5
2020-11-05,161849,603,192812500,172958,133811,6303.35,163267,382,192855500,199015.85,161744.05000000002,6583.045,163194,392
2020-11-06,162120,271,192751000,180915,140004,6350.37,163661,394,192802000,201007.15,165956.95,6705.75,163587,393
2020-11-07,162348,228,192689500,188343.5,146091,6418.82,164064,403,192741500,202465.55,169834.90000000002,6841.280000000001,163981.5,394.5
2020-11-08,162538,190,192629000,194055.5,152010.5,6500.07,164460.5,396.5,192683500,203178.05,172687.44999999998,6984.495,164377.5,396
2020-11-09,162724,186,192568000,199398,157620.5,6596.405000000001,164866.5,406,192628000,203291.65,174669.5,7133.110000000001,164785,407.5
2020-11-10,162922,198,192506000,203207.5,162701,6703.85,165274.5,408,192575000,203590.35,176041.2,7283.295,165195,410
2020-11-11,163496,574,192446000,206155,166945.5,6821.9400000000005,165701.5,427,192516000,203911.95,177200,7437.795,165607.5,412.5
2020-11-12,164429,933,192385000,207783,170619.5,6950.13,166128.5,427,192455500,204857.4,178060.55,7581.25,166026.5,419
2020-11-13,165005,576,192324000,209021,173412,7084.125,166560,431.5,192391500,206794.1,178952.8,7721.655,166466,439.5
2020-11-14,165739,734,192269000,210365.5,175884,7219.139999999999,167001.5,441.5,192327000,208771,180043.15,7854.4400000000005,166907,441
2020-11-15,165879,140,192214000,211591,177978.5,7348.925,167455,453.5,192261500,211372.3,181454.05,7984.325,167360,453
2020-11-16,166135,256,192153500,212375,179538,7471.635,167911.5,456.5,192199000,214833,183136.15,8106.035,167820,460
2020-11-17,166814,679,192086500,213682,180959.5,7590.344999999999,168374.5,463,192135500,218903.45,185092.8,8229.31,168284,464
2020-11-18,167568,754,192026500,215895,182496.5,7708.8150000000005,168853,478.5,192071500,223717.5,187546.3,8353.06,168749.5,465.5
2020-11-19,168218,650,191957500,218160.5,185126.5,7829.42,169334.5,481.5,192008000,228691.5,190611.55,8474.855,169230,480.5
2020-11-20,168731,513,191890000,221832.5,187185.5,7942.68,169816.5,482,191932500,234729,194103.35,8596.81,169720.5,490.5
2020-11-21,169088,357,191821500,225760,189403.5,8059.665000000001,170308.5,492,191861500,240358.5,197925.5,8722.04,170212.5,492
2020-11-22,169266,178,191752500,229676.5,191857,8177.295,170803.5,495,191787500,245752.5,202383.95,8851.185,170717,504.5
2020-11-23,169621,355,191682500,234924.5,195108,8297.095000000001,171313.5,510,191712000,251477,206949,8989.24,171240,523
2020-11-24,170248,627,191608500,239995,198611,8426.869999999999,171827.5,514,191639500,257349,211814.5,9133.32,171762,522
2020-11-25,170870,622,191531000,246373.5,203330.5,8559.025,172352,524.5,191563000,262640,216199,9281.26,172289.5,527.5
2020-11-26,171581,711,191452500,251988,207718.5,8689.39,172879.5,527.5,191486000,266927,220691.5,9437.175000000001,172820.5,531
2020-11-27,172140,559,191375000,257745.5,212090.5,8826.225,173416.5,537,191409500,270171,225098,9599.54,173360.5,540
2020-11-28,172684,544,191292500,262786,216657.5,8969.945,173965.5,549,191333000,271799.5,228664.5,9772.035,173907,546.5
2020-11-29,172917,233,191216500,267520,220805.5,9121.855,174522,556.5,191252000,272201.5,231873.5,9943.880000000001,174461,554
2020-11-30,173268,351,191139500,271693.5,224567,9280.025000000001,175085.5,563.5,191176000,272306,234211,10117.945,175032.5,571.5
2020-12-01,173953,685,191055000,276111,228596,9436.325,175653,567.5,191094000,271875.5,235952.5,10283.335,175609.5,577
2020-12-02,174630,677,190975000,279375,232233.5,9596.45,176244,591,191020500,270164.5,236884.5,10451.04,176210,600.5
2020-12-03,175393,763,190891000,281034.5,235246,9756.060000000001,176845.5,601.5,190948500,267706.5,237216.5,10614.385,176808.5,598.5
2020-12-04,176070,677,190809500,283067.5,237668.5,9918.785,177462,616.5,190873000,265337.5,237028.5,10767.915,177414.5,606
2020-12-05,176718,648,190731000,283140,239562,10075.2,178091,629,190799000,262298.5,236112.5,10917.244999999999,178037,622.5
2020-12-06,177057,339,190650000,282324.5,240859,10225.05,178712.5,621.5,190732000,259840.5,234632,11041.824999999999,178665,628
2020-12-07,177482,425,190569500,281972,241778,10366.2,179349.5,637,190661500,256415.5,232267.5,11157.68,179307.5,642.5
2020-12-08,178280,798,190491000,280631.5,242358,10505.25,179995.5,646,190590000,252688.5,229877.5,11261.355,179953.5,646
2020-12-09,179132,852,190416500,278303,242005,10637.25,180650,654.5,190520500,249350,226846,11350.599999999999,180615,661.5
2020-12-10,179902,770,190341000,275042,240726.5,10765.6,181306.5,656.5,190453500,246599.5,224450.5,11428.029999999999,181279,664
2020-12-11,180562,660,190267000,270611,239364,10879.95,181974,667.5,190385000,244036.5,221778,11483.869999999999,181946.5,667.5
2020-12-12,181241,679,190195000,267255,236858.5,10976.75,182652,678,190319000,242437.5,219396.5,11533.07,182615.5,669
2020-12-13,181536,295,190126500,264198,234804.5,11067.7,183330.5,678.5,190248000,242139,217476,11560.48,183303,687.5
2020-12-14,182049,513,190059500,261050.5,232450,11139.2,184018,687.5,190179500,243314.5,216115.5,11577.16,183988.5,685.5
2020-12-15,182983,934,189986500,258567.5,230268,11201.650000000001,184714,696,190106000,245406,215706,11588.415,184679.5,691
2020-12-16,183924,941,189909000,255990.5,227736.5,11257.7,185403.5,689.5,190034500,249828,216033,11596.75,185371,691.5
2020-12-17,184985,1061,189844500,255132,225983.5,11295.95,186095.5,692,189956500,255537,217555.5,11597.2,186074,703
2020-12-18,185802,817,189768500,254992,224625,11322.65,186795.5,700,189878000,263571,220119,11600.99,186779,705
2020-12-19,186461,659,189694000,255955.5,223641.5,11346.1,187488.5,693,189795500,272400,224039,11613.265,187474.5,695.5
2020-12-20,186879,418,189622000,258649.5,224129,11375.4,188193.5,705,189704500,283018.5,229240.5,11636.985,188176.5,702
2020-12-21,187441,562,189546500,262273.5,225012.5,11397.55,188900.5,707,189608000,294566,236216,11675.43,188870,693.5
2020-12-22,188410,969,189461500,268239,227011.5,11430.099999999999,189597.5,697,189510500,307638.5,244228.5,11726.615,189573.5,703.5
2020-12-23,189375,965,189371000,275621.5,229934,11468.95,190305.5,708,189406000,321766.5,253490,11801.29,190276,702.5
2020-12-24,190135,760,189285000,285173,234404,11509.25,191006,700.5,189302000,336327,263328.5,11898.310000000001,190987.5,711.5
2020-12-25,190617,482,189187000,295951.5,240776,11570.45,191725.5,719.5,189196000,350789,274603.5,12031.984999999999,191700,712.5
2020-12-26,190913,296,189083500,307792,248049,11648.849999999999,192436,710.5,189088000,364160,285729.5,12188.720000000001,192422.5,722.5
2020-12-27,191250,337,188987000,320096,256224,11748.05,193157.5,721.5,188973500,377210.5,297320.5,12371.455000000002,193145,722.5
2020-12-28,191788,538,188885000,333669.5,265920.5,11874,193881.5,724,188860500,388305.5,308749,12584.055,193878,733
2020-12-29,192839,1051,188777500,348280.5,275772,12008.099999999999,194623.5,742,188739000,396072,319515.5,12826.414999999999,194610,732
2020-12-30,194056,1217,188665500,362112,287090,12170.6,195369,745.5,188611500,401600.5,329337.5,13091.755,195362,752
2020-12-31,195072,1016,188550000,374958.5,297911.5,12362.5,196133,764,188499500,406188.5,337636,13377.045,196127.5,765.5
2021-01-01,195541,469,188424000,388406,308255,12564.25,196904,771,188384500,408211,344085,13681.24,196899,771.5
2021-01-02,195834,293,188305000,399691,318115.5,12797.25,197682,778,188272500,409261.5,349310,13995.4,197682,783
2021-01-03,196145,311,188186500,409064,327022,13053.849999999999,198487.5,805.5,188158500,408678,352862.5,14318.765,198466.5,784.5
2021-01-04,196741,596,188066500,416655,335316,13328.25,199294.5,807,188042000,406876,355168.5,14632.904999999999,199277.5,811
2021-01-05,197930,1189,187940500,419802,342421,13607.75,200131,836.5,187928000,405308.5,356707.5,14939.725,200095.5,818
2021-01-06,199161,1231,187819500,421931,348721.5,13890.05,200977.5,846.5,187816000,402880,356815,15237.355,200950,854.5
2021-01-07,200678,1517,187696500,423105.5,353647.5,14155.900000000001,201849.5,872,187709000,400303,356336,15524.995,201819.5,869.5
2021-01-08,201760,1082,187576000,422767.5,357384.5,14437.849999999999,202745.5,896,187597500,397550,354983.5,15788.76,202693,873.5
2021-01-09,202769,1009,187463000,422575.5,359332.5,14706,203638,892.5,187490500,394840.5,353811,16032.925,203600.5,907.5
2021-01-10,203259,490,187353500,420660.5,360755.5,14957.45,204546,908,187385000,391813,351560.5,16249.665,204512,911.5
2021-01-11,203749,490,187241000,418728.5,361405.5,15197.3,205474.5,928.5,187279000,388876,349386.5,16447.47,205447,935
2021-01-12,204875,1126,187128500,416576,361947.5,15425.05,206434.5,960,187170000,385947.5,347363,16633.05,206394.5,947.5
2021-01-13,206139,1264,187011000,415047.5,361141,15639,207388.5,954,187057500,382822,345026.5,16794.879999999997,207347,952.5
2021-01-14,207293,1154,186891000,413616.5,360583,15834.75,208362,973.5,186952500,380007,342829,16936.13,208326.5,979.5
2021-01-15,208428,1135,186771500,410951,359357,16023,209339,977,186850000,377655.5,340251,17049.39,209316,989.5
2021-01-16,209442,1014,186656000,407928.5,357465,16196.6,210340.5,1001.5,186741500,374786,337624.5,17149.899999999998,210310.5,994.5
2021-01-17,209993,551,186548000,404588,355492.5,16356.7,211356,1015.5,186636000,373212,335486.5,17234.530000000002,211319,1008.5
2021-01-18,210469,476,186436500,401699,353679.5,16487.5,212358.5,1002.5,186527000,370377,332452.5,17303.05,212343.5,1024.5
2021-01-19,211629,1160,186326500,398705.5,350733.5,16607.95,213374.5,1016,186421000,367440,329911,17353.175,213364,1020.5
2021-01-20,213024,1395,186213500,394438,348067,16718.2,214390.5,1016,186320500,364266.5,327518,17393.29,214391.5,1027.5
2021-01-21,214371,1347,186107500,390240.5,344944.5,16811.9,215440,1049.5,186218000,361219.5,325313.5,17412.715,215436,1044.5
2021-01-22,215442,1071,185998500,386239,341938.5,16888.1,216486,1046,186114000,359386,322733.5,17426.120000000003,216475.5,1039.5
2021-01-23,216587,1145,185896500,382107.5,339185,16953.15,217529,1043,186008500,358226,321130.5,17428.44,217519.5,1044
2021-01-24,217182,595,185794000,378876.5,335711.5,16997.050000000003,218575.5,1046.5,185903000,357466,319399.5,17413.395,218575,1055.5
2021-01-25,217872,690,185694000,374552,332889.5,17027.65,219620,1044.5,185810000,356725,317887.5,17384.395,219625.5,1050.5
2021-01-26,219027,1155,185592000,372139.5,330319,17049.6,220660.5,1040.5,185710000,355848,316788,17355.475,220671,1045.5
2021-01-27,220363,1336,185482500,369526.5,327369,17067.5,221717,1056.5,185607000,356302.5,315630.5,17320.845,221731.5,1060.5
2021-01-28,221801,1438,185379500,367394,325317,17068.05,222766,1049,185507500,358314,315138.5,17287.835,222778.5,1047
2021-01-29,222888,1087,185284500,365087.5,323087.5,17064.8,223819,1053,185397500,360358.5,314944,17251.260000000002,223837,1058.5
2021-01-30,224079,1191,185178500,363906,321354.5,17049,224877.5,1058.5,185294000,363251,315552,17220.035,224892,1055
2021-01-31,224646,567,185079000,364776.5,319465,17031.449999999997,225933.5,1056,185190000,366823,316051.5,17179.715,225944,1052
2021-02-01,225271,625,184977000,364940,318067.5,17011.3,226994,1060.5,185082500,370238,317959.5,17139.94,226999,1055
2021-02-02,226532,1261,184868000,366070,317442,16988.15,228038.5,1044.5,184975000,373842,320068.5,17116.495000000003,228056,1057
2021-02-03,227730,1198,184764500,367067,317618.5,16959.65,229085,1046.5,184865500,378881,322732.5,17104.395,229104,1048
2021-02-04,229007,1277,184657500,369646.5,317686.5,16945.45,230123.5,1038.5,184754500,384443,325909.5,17106.550000000003,230154,1050
2021-02-05,230258,1251,184552500,372319.5,318889.5,16941.35,231164.5,1041,184633500,391631,329171,17110.245,231193,1039
2021-02-06,231195,937,184448000,376293.5,320949.5,16941.300000000003,232219.5,1055,184519000,399397,333347,17121.795,232235.5,1042.5
2021-02-07,231684,489,184328000,380896,323552.5,16939.65,233265.5,1046,184398500,408020.5,338902,17150.96,233282.5,1047
2021-02-08,232405,721,184220000,386101.5,326395,16951.1,234311,1045.5,184271500,418338,345211.5,17212.765,234323.5,1041
2021-02-09,233720,1315,184106000,392365,330606.5,16958.15,235367.5,1056.5,184141500,431053.5,353096,17283.605000000003,235365.5,1042
2021-02-10,235081,1361,183980000,399968,335071,16986.2,236424,1056.5,184010500,445835,361939,17365.335,236417.5,1052
2021-02-11,236523,1442,183860500,409393.5,340697.5,17040.55,237483.5,1059.5,183868000,461514,371768.5,17483.16,237449.5,1032
2021-02-12,237742,1219,183726000,420010.5,347271,17108.35,238533.5,1050,183718000,478372.5,382505.5,17631.265,238515,1065.5
2021-02-13,238768,1026,183583000,432065.5,355222.5,17196.9,239610,1076.5,183571000,496700,394931.5,17792.879999999997,239577,1062
2021-02-14,239421,653,183440000,446349,364597,17290.75,240675.5,1065.5,183399000,517826,409192,18003.504999999997,240638,1061
2021-02-15,240032,611,183290000,461813,373890,17406.4,241749.5,1074,183223000,540149.5,424097,18247.585,241728.5,1090.5
2021-02-16,241124,1092,183126000,479506.5,385262,17569.1,242836,1086.5,183054000,562884.5,440541,18525.760000000002,242807,1078.5
2021-02-17,242313,1189,182975500,498643.5,398787,17750.699999999997,243928,1092,182866500,586784.5,459196.5,18848.879999999997,243890,1083
2021-02-18,243752,1439,182804000,520098.5,414049.5,17964.25,245019,1091,182668500,611509.5,478315,19211.345,244989,1099
2021-02-19,245083,1331,182639000,543235.5,430383,18214.9,246139,1120,182462000,636775.5,498741.5,19613.524999999998,246102,1113
2021-02-20,246113,1030,182461000,568578.5,446650,18469.1,247268.5,1129.5,182247500,664435.5,519625.5,20058.79,247241.5,1139.5
2021-02-21,246720,607,182264000,594134.5,464953.5,18786.6,248403.5,1135,182030000,691555,542007,20575.15,248395.5,1154
2021-02-22,247431,711,182062500,618452.5,484931,19148.449999999997,249577,1173.5,181809500,718680,565349,21130.595,249571,1175.5
2021-02-23,248789,1358,181856500,644838,504734,19549.449999999997,250765,1188,181585500,745622.5,588571.5,21715.379999999997,250757.5,1186.5
2021-02-24,250235,1446,181644000,675084,526287,19994.25,252002.5,1237.5,181344000,771337.5,611734.5,22364.9,251980,1222.5
2021-02-25,251811,1576,181416000,704433.5,550496,20495.8,253247,1244.5,181104000,799168,636201,23045.1,253222,1242
2021-02-26,253151,1340,181182000,735222,574086,21036.35,254527.5,1280.5,180856500,824135.5,658102,23780.6,254501,1279
2021-02-27,254403,1252,180931000,768052,598080.5,21626.85,255847,1319.5,180598500,846348,680017.5,24540.65,255838,1337
2021-02-28,255175,772,180676000,797051.5,622258,22293.2,257200.5,1353.5,180334500,870086.5,701042.5,25350.8,257197.5,1359.5
2021-03-01,256004,829,180410500,824246.5,647139,22968.9,258602.5,1402,180076500,893895.5,721467.5,26193.35,258601,1403.5
2021-03-02,257725,1721,180143000,850247.5,671797,23692.65,260045,1442.5,179791000,916874.5,742835,27066.949999999997,260047,1446
2021-03-03,259543,1818,179871500,878391.5,696932,24469.15,261541,1496,179517000,938261.5,762047,27963.9,261531.5,1484.5
2021-03-04,261380,1837,179591500,906940,721656.5,25243.85,263083.5,1542.5,179238000,958255.5,782238.5,28861.800000000003,263066.5,1535
2021-03-05,263074,1694,179299000,929190,744888.5,26043.25,264662,1578.5,178947500,979060,803099,29785.55,264647,1580.5
2021-03-06,264584,1510,179003500,953938.5,767499.5,26847.85,266288,1626,178647000,999285.5,822809.5,30710.850000000002,266285,1638
2021-03-07,265682,1098,178700500,980675,787665,27691.050000000003,267964,1676,178341500,1018300,841295.5,31666.949999999997,267958.5,1673.5
2021-03-08,266804,1122,178394000,1005510,808833,28552.85,269703.5,1739.5,178024500,1038466,858820.5,32644.35,269694,1735.5
2021-03-09,268755,1951,178082500,1028165,830322.5,29431.699999999997,271478,1774.5,177716000,1057802.5,877157,33614.95,271470.5,1776.5
2021-03-10,271136,2381,177753000,1049725,851935,30319.300000000003,273325,1847,177398000,1075691.5,894269,34576.9,273306.5,1836
2021-03-11,273331,2195,177422500,1070570,872688,31237.05,275224.5,1899.5,177080500,1091657,910654.5,35548.3,275209.5,1903
2021-03-12,275453,2122,177099500,1093120,893073,32164.1,277191.5,1967,176758000,1107662.5,928015,36513.8,277167,1957.5
2021-03-13,277412,1959,176764000,1112910,913676.5,33063.55,279222,2030.5,176425500,1119531.5,942559.5,37483.950000000004,279186,2019
2021-03-14,278483,1071,176421000,1132530,933139,33980.25,281283,2061,176097000,1130733.5,958206,38443.75,281269,2083
2021-03-15,279817,1334,176086000,1152470,952263.5,34901.95,283400.5,2117.5,175769500,1136643,970135,39389.3,283391,2122
2021-03-16,282667,2850,175736500,1168830,967843,35842.25,285581,2180.5,175437500,1142833.5,981902,40309.55,285573.5,2182.5
2021-03-17,285328,2661,175382000,1183960,983897,36749.9,287832.5,2251.5,175105000,1148093.5,989989,41219.1,287805.5,2232
2021-03-18,288052,2724,175028500,1195865,997926,37634.2,290138.5,2306,174780000,1149048,996536,42096.15,290087,2281.5
2021-03-19,290708,2656,174673000,1202445,1009250,38536.149999999994,292472.5,2334,174467500,1145261,1001932.5,42978.25,292463.5,2376.5
2021-03-20,293076,2368,174321500,1209505,1020845,39429.55,294882.5,2410,174155000,1137864,1004342.5,43774,294860.5,2397
2021-03-21,294238,1162,173985500,1215205,1029155,40299.149999999994,297344.5,2462,173857000,1127854,1004091.5,44536.5,297335,2474.5
2021-03-22,295926,1688,173634500,1216290,1036480,41147.65,299856,2511.5,173533000,1116618.5,1000993,45266.9,299857,2522
2021-03-23,299073,3147,173298000,1214460,1040075,41933.95,302425.5,2569.5,173222500,1103711.5,996187.5,45911.45,302422,2565
2021-03-24,301390,2317,172972500,1206570,1041135,42678.25,305030.5,2605,172925500,1088041.5,988377,46497.350000000006,305046,2624
2021-03-25,304044,2654,172635000,1199995,1040915,43416.75,307689.5,2659,172616500,1074886.5,978039,47033.149999999994,307710.5,2664.5
2021-03-26,307554,3510,172312000,1187070,1037025,44108.6,310365.5,2676,172331000,1062054.5,968515.5,47483.55,310401.5,2691
2021-03-27,310963,3409,172005500,1172245,1032805,44725.649999999994,313104.5,2739,172041000,1048572.5,958446,47848.8,313150.5,2749
2021-03-28,312533,1570,171680500,1156935,1026200,45285.05,315887.5,2783,171754500,1032722.5,948042,48189.149999999994,315920.5,2770
2021-03-29,314558,2025,171378000,1143445,1015040,45782.15,318677,2789.5,171481000,1015323.5,936869.5,48437.5,318750.5,2830
2021-03-30,318213,3655,171079500,1124655,1003825,46234.600000000006,321504,2827,171213500,1000467,923538.5,48597.9,321596,2845.5
2021-03-31,322138,3925,170789500,1107590,991813.5,46609.9,324370.5,2866.5,170953500,983014.5,910298.5,48722.3,324486,2890
2021-04-01,325793,3655,170497500,1091335,978459,46923.95,327291,2920.5,170695500,965017.5,894754.5,48791.95,327364.5,2878.5
2021-04-02,328594,2801,170221000,1071085,965216.5,47184.05,330208.5,2917.5,170446500,947177.5,879493.5,48766.8,330276.5,2912
2021-04-03,330503,1909,169947500,1050720,949217.5,47404.25,333142,2933.5,170193500,927473.5,863902.5,48711.05,333209.5,2933
2021-04-04,331745,1242,169686500,1028415,932887,47529.15,336050,2908,169949500,906408,847461,48628.5,336137,2927.5
2021-04-05,333657,1912,169426500,1005985,916429,47595.350000000006,338962.5,2912.5,169712500,882843.5,829992,48432.9,339071,2934
2021-04-06,337725,4068,169188000,981113.5,898911,47578.850000000006,341896,2933.5,169476000,861947,811982.5,48183.95,342019.5,2948.5
2021-04-07,341396,3671,168942500,956095,880051.5,47484.9,344813,2917,169256500,839296.5,793005,47880.75,344961,2941.5
2021-04-08,345544,4148,168697500,931164,858841.5,47355.15,347746.5,2933.5,169042000,819939.5,774784.5,47523.5,347910,2949
2021-04-09,349296,3752,168475500,907296.5,837728.5,47170.649999999994,350664,2917.5,168827500,801827,757055,47113.15,350846,2936
2021-04-10,351673,2377,168257000,882006.5,816850.5,46928.600000000006,353574,2910,168621500,783163,738767,46650.2,353724,2878
2021-04-11,353531,1858,168051000,856872,796082,46644,356467.5,2893.5,168428500,763971.5,721643,46176.15,356618.5,2894.5
2021-04-12,355242,1711,167837500,832505.5,775300.5,46302.1,359348,2880.5,168231500,747815,703780.5,45655.9,359494,2875.5
2021-04-13,358999,3757,167620500,812572.5,754677.5,45916.2,362198,2850,168032500,730678.5,686864.5,45085.950000000004,362364,2870
2021-04-14,362444,3445,167413500,791652,735871.5,45528.05,365058.5,2860.5,167839500,715809.5,671291,44497,365204,2840
2021-04-15,365935,3491,167216000,769588.5,716589.5,45101.4,367859,2800.5,167649500,700860.5,656752.5,43890.55,368026,2822
2021-04-16,369271,3336,167020000,749640.5,697818,44620.5,370611.5,2752.5,167468000,687527.5,642412,43253.8,370804,2778
2021-04-17,372149,2878,166823000,730406.5,680957,44116.45,373357.5,2746,167282500,675951,628602.5,42627.25,373579,2775
2021-04-18,373671,1522,166645000,712973.5,662874.5,43584.75,376073.5,2716,167100500,665120,617277,41952.850000000006,376292,2713
2021-04-19,375427,1756,166459000,696197.5,646874.5,43034.4,378753.5,2680,166922000,655920.5,606610.5,41276.25,378948.5,2656.5
2021-04-20,378774,3347,166269000,681135,632577.5,42470.45,381411.5,2658,166747500,647457,597532.5,40610.05,381605,2656.5
2021-04-21,381971,3197,166096500,666453.5,617426,41891.95,384013.5,2602,166567000,640400.5,588728,39957.399999999994,384220.5,2615.5
2021-04-22,384022,2051,165924500,656534,603165.5,41298.75,386564.5,2551,166397500,633700.5,579904,39293.55,386805.5,2585
2021-04-23,387064,3042,165773500,643203.5,591465,40691.100000000006,389100.5,2536,166212500,626825,571388.5,38634,389341.5,2536
2021-04-24,389830,2766,165583500,634121,579023.5,40092.15,391611.5,2511,166045500,620448,564441.5,37985.3,391837,2495.5
2021-04-25,391164,1334,165421500,623088,567262,39489.2,394055.5,2444,165871500,615184,558010,37377.5,394280,2443
2021-04-26,392544,1380,165247500,612565,557198,38893.85,396487.5,2432,165700000,611819.5,552928,36785.65,396705.5,2425.5
2021-04-27,395623,3079,165083000,603868,547669,38304.350000000006,398837,2349.5,165529000,608026.5,547594.5,36198.9,399094.5,2389
2021-04-28,398637,3014,164912000,598124.5,540037.5,37734.05,401181.5,2344.5,165348000,606063.5,543394.5,35622.799999999996,401412.5,2318
2021-04-29,401669,3032,164742500,590125.5,532300,37160.25,403475,2293.5,165183000,606161.5,540207,35065.55,403726,2313.5
2021-04-30,404530,2861,164594500,584146.5,524589.5,36600.75,405759,2284,165013000,605694.5,537958.5,34546.7,406001.5,2275.5
2021-05-01,406770,2240,164428000,580775,517609,36049.3,407994,2235,164842500,604643.5,535476.5,34053.35,408229.5,2228
2021-05-02,408036,1266,164284500,576203.5,512618,35529.149999999994,410212,2218,164673500,603252.5,533833,33593.55,410436,2206.5
2021-05-03,409161,1125,164125500,575023.5,508691,35029,412408.5,2196.5,164498000,604225.5,531791.5,33151,412619,2183
2021-05-04,412140,2979,163958500,574591,506067,34530.6,414556.5,2148,164315000,605329,531233.5,32757.500000000004,414754.5,2135.5
2021-05-05,414911,2771,163794000,575097.5,503310,34055.3,416673.5,2117,164141000,605641.5,530705.5,32366.35,416871.5,2117
2021-05-06,417447,2536,163618000,574875,501401,33585.3,418781.5,2108,163966500,605396,529988,32017.6,418955,2083.5
2021-05-07,419633,2186,163462000,576726.5,500898.5,33161.850000000006,420825.5,2044,163799000,605132,530794.5,31687.149999999998,421019.5,2064.5
2021-05-08,421715,2082,163301500,577970.5,500620.5,32742.050000000003,422902.5,2077,163609000,604692.5,531375,31406.799999999996,423032,2012.5
2021-05-09,422637,922,163150000,578618.5,501873,32356.25,424926,2023.5,163429000,604125.5,532413,31115.35,425027,1995
2021-05-10,423747,1110,162992500,581001.5,502692,32002.85,426921.5,1995.5,163270500,605017.5,532580.5,30868.350000000002,426990,1963
2021-05-11,425993,2246,162826000,584175.5,504042.5,31684.25,428896.5,1975,163092500,604715,532536,30616.9,428964,1974
2021-05-12,428574,2581,162668500,584386,504629.5,31365.2,430838,1941.5,162923000,604748,532287.5,30393.95,430900,1936
2021-05-13,430851,2277,162494500,586241,505917,31078.6,432764.5,1926.5,162761500,605289,532130.5,30207.65,432820,1920
2021-05-14,433024,2173,162317000,586720.5,506979.5,30791.949999999997,434662.5,1898,162591500,604096,532329.5,30036.649999999998,434751.5,1931.5
2021-05-15,435025,2001,162150500,587260,508323.5,30540.7,436546.5,1884,162418500,604973.5,532489.5,29876.449999999997,436634,1882.5
2021-05-16,436100,1075,161986000,589627,509864.5,30319.85,438406,1859.5,162255000,606491,532756,29712.649999999998,438516,1882
2021-05-17,437185,1085,161826000,591869.5,511507.5,30115.65,440273,1867,162090500,608030,533541,29553.800000000003,440380,1864
2021-05-18,439636,2451,161657500,593267,512511,29917.300000000003,442117,1844,161917500,609152.5,533825.5,29427.949999999997,442222,1842
2021-05-19,442136,2500,161491000,596014,513735,29762.1,443948,1831,161751500,612458.5,535183.5,29317.85,444072.5,1850.5
2021-05-20,444647,2511,161324500,596576,514441.5,29596.65,445782.5,1834.5,161568000,616384.5,536918,29224.75,445885,1812.5
2021-05-21,446773,2126,161159500,600717,516165.5,29445.550000000003,447610,1827.5,161396500,621079.5,538541.5,29142.45,447723,1838
2021-05-22,448499,1726,160979000,603222,518356,29309.85,449408,1798,161228500,626167.5,540864.5,29084.95,449533.5,1810.5
2021-05-23,449388,889,160796000,606851.5,519949.5,29192.35,451207.5,1799.5,161053000,630063,544068,29029.7,451323,1789.5
2021-05-24,450250,862,160613000,611583,521758,29086.9,452998,1790.5,160875000,635811.5,548054,28978.149999999998,453074,1751
2021-05-25,452434,2184,160422000,614191,524286.5,29010.15,454771.5,1773.5,160685000,642189,552161,28953.4,454860.5,1786.5
2021-05-26,454897,2463,160248000,618966,527425,28941.3,456539.5,1768,160485000,647151.5,556631.5,28961.449999999997,456650.5,1790
2021-05-27,456998,2101,160065000,622951,530065.5,28881.65,458313.5,1774,160283500,654445,561556.5,28988.25,458401,1750.5
2021-05-28,459424,2426,159881000,629677,534148.5,28825.9,460111,1797.5,160091000,664337.5,567405.5,29023.15,460186.5,1785.5
2021-05-29,461365,1941,159699500,637733,539030.5,28791.4,461894,1783,159887000,670910,572833,29093.3,461980,1793.5
2021-05-30,462278,913,159515500,644538.5,544155.5,28818.7,463653,1759,159678000,679300.5,577990,29169.65,463732.5,1752.5
2021-05-31,463244,966,159318500,650498,549837,28794.699999999997,465434,1781,159473500,684531.5,584201.5,29255.4,465502,1769.5
2021-06-01,465578,2334,159123000,657858.5,554974,28812.699999999997,467227,1793,159279000,688068,589406.5,29350.300000000003,467267.5,1765.5
2021-06-02,468086,2508,158927000,665958.5,560846,28850.9,468985.5,1758.5,159064500,691347,594039.5,29467.05,469052,1784.5
2021-06-03,470000,1914,158730000,671806.5,566620.5,28899.1,470759.5,1774,158864500,694740,597989.5,29604.45,470826,1774
2021-06-04,471188,1188,158536000,676535.5,573074.5,28954.4,472541,1781.5,158649000,695085,601442,29745.050000000003,472615,1789
2021-06-05,472860,1672,158333000,681540,577804,29026.949999999997,474343.5,1802.5,158442500,695397.5,604636,29885.85,474418.5,1803.5
2021-06-06,473741,881,158126500,684884,582389.5,29121.6,476140.5,1797,158247500,695392.5,607481,30047.399999999998,476203.5,1785
2021-06-07,474890,1149,157915500,687451.5,585701,29223.25,477946,1805.5,158034500,696365,609238.5,30227.4,477996.5,1793
2021-06-08,477538,2648,157722500,689923.5,588887.5,29338.05,479739,1793,157805500,697597,611043,30379.399999999998,479803.5,1807
2021-06-09,479930,2392,157524500,690055.5,592037,29442.5,481540.5,1801.5,157585500,697272,613099.5,30518.45,481627,1823.5
2021-06-10,482435,2505,157322500,692349.5,594463,29545.95,483368,1827.5,157364000,698374,613122,30688.7,483472.5,1845.5
2021-06-11,484612,2177,157143000,691408,597332,29646.8,485228,1860,157158000,695822.5,613937,30874.5,485323,1850.5
2021-06-12,486586,1974,156965500,694592.5,597638,29735.3,487058,1830,156947000,698694,614313.5,31046,487152,1829
2021-06-13,487706,1120,156772000,694355,599477,29834.9,488902.5,1844.5,156728500,701296.5,614760.5,31178.2,489054.5,1902.5
2021-06-14,488625,919,156583500,692356.5,600109.5,29942.35,490732.5,1830,156553000,701898.5,616424.5,31292.15,490922.5,1868
